,companyName,Ranking Actual,craftWebsite,imgUrl
0,Principal Financial,201,https://craft.co/principal-financial-group,https://uploads1.craft.co/uploads/company/logo/556xx/55626/normal_be147f4bad19df06.jpg
1,Ross Stores,202,https://craft.co/ross-stores,https://uploads2.craft.co/uploads/company/logo/1184xx/118496/normal_ross_logo_fb.jpg
2,Colgate-Palmolive,203,https://craft.co/colgate-palmolive,https://uploads2.craft.co/uploads/company/logo/20xx/2056/normal_dgZGn-DI.jpeg
3,American Electric Power,204,https://craft.co/american-electric-power,https://uploads4.craft.co/uploads/company/logo/1150xx/115011/normal_86ed27f1c86de91f.png
4,Nordstrom,205,https://craft.co/nordstrom,https://uploads5.craft.co/uploads/company/logo/19xx/1974/normal_5cfba4aafd0d5ff7.png
5,Jacobs Engineering Group,206,https://craft.co/jacobs,https://uploads2.craft.co/uploads/company/logo/527xx/52766/normal_38f5ddb2a8753e68.png
6,Waste Management,207,https://craft.co/waste-management,https://uploads2.craft.co/uploads/company/logo/200xx/20076/normal_3c16f89ee7a65b06.jpg
7,C.H. Robinson Worldwide,208,https://craft.co/ch-robinson,https://uploads2.craft.co/uploads/company/logo/1274xx/127403/normal_51a1a24c43046056.png
8,PPG Industries,209,https://craft.co/ppg-industries,https://uploads2.craft.co/uploads/company/logo/1205xx/120551/normal_09ab0fc59b78378d.jpg
9,Booking Holdings,210,https://craft.co/booking-holdings,https://uploads1.craft.co/uploads/company/logo/19xx/1917/normal_c8742248a9919dc5.jpg
10,Omnicom Group,211,https://craft.co/omnicom,https://uploads2.craft.co/uploads/company/logo/18xx/1849/normal_b2ae4a0f88cdd2d1.png
11,Loews,212,https://craft.co/loews-corporation,https://uploads1.craft.co/uploads/company/logo/117xx/11731/normal_aaf2328c5369a9cd.png
12,Ecolab,213,https://craft.co/ecolab,https://uploads1.craft.co/uploads/company/logo/18xx/1817/normal_410b034eb3cd52a0.png
13,Stryker,214,https://craft.co/stryker,https://uploads5.craft.co/uploads/company/logo/20xx/2071/normal_bd5b85f8a3ef9a15.png
14,Estee Lauder,215,https://craft.co/estee-lauder,https://uploads1.craft.co/uploads/company/logo/13623xx/1362374/normal_759dad82bb7036b2.jpg
15,Goodyear Tire & Rubber,216,https://craft.co/the-goodyear-tire-rubber-company,https://uploads3.craft.co/uploads/company/logo/133xx/13310/normal_de6851c93cc979cf.jpg
16,Truist Financial,217,https://craft.co/truist,https://uploads4.craft.co/uploads/company/logo/9698xx/969862/normal_fc6b745b887f4504.PNG
17,Applied Materials,218,https://craft.co/applied-materials,https://uploads5.craft.co/uploads/company/logo/1368xx/136839/normal_e6a5c00b36cca007.png
18,BlackRock,219,https://craft.co/blackrock,https://uploads3.craft.co/uploads/company/logo/1935xx/193557/normal_e3933ff893376f69.jpg
19,Stanley Black & Decker,220,https://craft.co/stanley-black-decker,https://uploads4.craft.co/uploads/company/logo/18xx/1840/normal_07cd086956b0e59c.png
20,Freeport-McMoRan,221,https://craft.co/freeport-mcmoran,https://uploads5.craft.co/uploads/company/logo/106xx/10643/normal_f9bbbe41b154b031.jpg
21,Texas Instruments,222,https://craft.co/texas-instruments,https://uploads4.craft.co/uploads/company/logo/185xx/18567/normal_9ffda48ab0e7da6f.jpeg
22,Biogen,223,https://craft.co/biogen,https://uploads1.craft.co/uploads/company/logo/2513xx/251331/normal_ad1c910ee671ff70.jpeg
23,Parker-Hannifin,224,https://craft.co/parker-hannifin,https://uploads3.craft.co/uploads/company/logo/113xx/11352/normal_42078bf8eb7929b4.jpg
24,Reinsurance Group of America,225,https://craft.co/reinsurance-group-of-america,https://uploads4.craft.co/uploads/company/logo/1158xx/115889/normal_570da5809751d0ab.jpg
25,Howmet Aerospace,226,https://craft.co/howmet-aerospace,https://uploads4.craft.co/uploads/company/logo/2586xx/258652/normal_453e4e62891e2e8d.png
26,Automatic Data Processing,227,https://craft.co/adp,https://uploads2.craft.co/uploads/company/logo/18xx/1853/normal_1bb3b3bed6738a0b.png
27,Uber Technologies,228,https://craft.co/uber,https://uploads2.craft.co/uploads/company/logo/3xx/334/normal_e4b5bc459f3283e1.png
28,Illinois Tool Works,229,https://craft.co/illinois-tool-works,https://uploads2.craft.co/uploads/company/logo/1140xx/114060/normal_e6e9bcafee6adb72.png
29,DaVita,230,https://craft.co/davita,https://uploads3.craft.co/uploads/company/logo/2064xx/206423/normal_da16111bf62d272f.png
30,Discover Financial Services,231,https://craft.co/discover-financial-services,https://uploads2.craft.co/uploads/company/logo/562xx/56259/normal_2e7c0f2500bbdb87.png
31,Land O'Lakes,232,https://craft.co/land-o-lakes,https://uploads3.craft.co/uploads/company/logo/2540xx/254000/normal_52f9ab151cf74846.jpg
32,VF,233,https://craft.co/vf-corporation,https://uploads3.craft.co/uploads/company/logo/15xx/1590/normal_edabd4b96ef87996.jpeg
33,Corteva,234,https://craft.co/corteva,https://uploads4.craft.co/uploads/company/logo/14057xx/1405763/normal_0c6a8ea985af0ddb.jpg
34,Las Vegas Sands,235,https://craft.co/las-vegas-sands,https://uploads1.craft.co/uploads/company/logo/19xx/1944/normal_49c602380c3c38a3.jpg
35,Textron,236,https://craft.co/textron,https://uploads2.craft.co/uploads/company/logo/1146xx/114631/normal_7e86b2c3682ee0f8.jpg
36,Kellogg,237,https://craft.co/kellogg,https://uploads3.craft.co/uploads/company/logo/20xx/2032/normal_a6cd60b491b09556.jpg
37,Guardian Life Ins. Co. of America,238,https://craft.co/guardian-life,https://uploads4.craft.co/uploads/company/logo/2562xx/256250/normal_e92f68532bb1e06b.png
38,Qurate Retail,239,https://craft.co/qurate-retail-group,https://uploads2.craft.co/uploads/company/logo/2054xx/205473/normal_2c910a01755da742.png
39,Core-Mark Holding,240,https://craft.co/core-mark-holding-company,https://uploads1.craft.co/uploads/company/logo/123xx/12344/normal_9a12c0a9892472bc.jpg
40,Community Health Systems,241,https://craft.co/community-health-systems,https://uploads1.craft.co/uploads/company/logo/104xx/10402/normal_0f4a14cc2350a2b9bef4f117469b1e66.png
41,Kinder Morgan,242,https://craft.co/kinder-morgan,https://uploads3.craft.co/uploads/company/logo/112xx/11204/normal_bb2f6cb3ead10d89.png
42,BJ's Wholesale Club,243,https://craft.co/bj-s-wholesale-club,https://uploads1.craft.co/uploads/company/logo/13611xx/1361155/normal_d682501fd8e24a1c.jpg
43,State Street,244,https://craft.co/state-street-corporation,https://uploads4.craft.co/uploads/company/logo/440xx/44045/normal_98335d8948ffea1a.jpg
44,Ameriprise Financial,245,https://craft.co/ameriprise-financial,https://uploads5.craft.co/uploads/company/logo/725xx/72502/normal_a33f38ff51e21a6a.png
45,Global Partners,246,https://craft.co/global-partners-lp,https://uploads2.craft.co/uploads/company/logo/104xx/10442/normal_359da4f3237b2fc0.jpg
46,United States Steel,247,https://craft.co/united-states-steel-corporation,https://uploads4.craft.co/uploads/company/logo/1149xx/114908/normal_07dc17645edb13ea.jpg
47,L Brands,248,https://craft.co/l-brands,https://uploads4.craft.co/uploads/company/logo/458xx/45896/normal_a9e1f73fd5fb78d3.jpg
48,MGM Resorts International,249,https://craft.co/mgm-resorts,https://uploads2.craft.co/uploads/company/logo/19xx/1946/normal_7570ab055eb54497.png
49,L3Harris Technologies,250,https://craft.co/l3harris-technologies,https://uploads4.craft.co/uploads/company/logo/18xx/1893/normal_bf2dd84428e626cf.png
50,DISH Network,251,https://craft.co/dish-network,https://uploads4.craft.co/uploads/company/logo/2xx/249/normal_cb0cc24c542384cd.png
51,Lithia Motors,252,https://craft.co/lithia-motors,https://uploads4.craft.co/uploads/company/logo/112xx/11210/normal_bfcfb7010b53ae6d.png
52,DTE Energy,253,https://craft.co/dte-energy,https://uploads1.craft.co/uploads/company/logo/105xx/10525/normal_bf2e29176c4a99d6.jpg
53,American Family Insurance Group,254,https://craft.co/american-family-insurance,https://uploads1.craft.co/uploads/company/logo/627xx/62790/normal_14aa5bbed459ab39.jpeg
54,Farmers Insurance Exchange,255,https://craft.co/farmers-insurance-group,https://uploads2.craft.co/uploads/company/logo/1520xx/152070/normal_4b423bb771ca86c4.jpg
55,Consolidated Edison,256,https://craft.co/con-edison,https://uploads5.craft.co/uploads/company/logo/582xx/58257/normal_f9307efe68f33890.jpg
56,LKQ,257,https://craft.co/lkq,https://uploads2.craft.co/uploads/company/logo/1499xx/149994/normal_0176ca55e3faeed0.jpg
57,Sempra Energy,258,https://craft.co/sempra-energy,https://uploads1.craft.co/uploads/company/logo/1719xx/171928/normal_9c9ce97c8c1b3f0f.png
58,Edison International,259,https://craft.co/edison-international,https://uploads2.craft.co/uploads/company/logo/2083xx/208355/normal_1d274a713104cd41.png
59,CenterPoint Energy,260,https://craft.co/centerpoint-energy,https://uploads3.craft.co/uploads/company/logo/1367xx/136700/normal_b15279756358fec1.jpg
60,Quanta Services,261,https://craft.co/quanta-services,https://uploads1.craft.co/uploads/company/logo/1560xx/156047/normal_a25edf50ecc0c5fd.png
61,Murphy USA,262,https://craft.co/murphy-usa,https://uploads4.craft.co/uploads/company/logo/114xx/11442/normal_47dd22f563997a22.png
62,Expedia Group,263,https://craft.co/expedia-group,https://uploads4.craft.co/uploads/company/logo/19xx/1913/normal_7d345b7916779e84.png
63,Group 1 Automotive,264,https://craft.co/group-1-automotive,https://uploads2.craft.co/uploads/company/logo/446xx/44612/normal_8244a6d273595f5c.png
64,Bed Bath & Beyond,265,https://craft.co/bed-bath-beyond,https://uploads3.craft.co/uploads/company/logo/1941xx/194176/normal_04715dc542bad6d0.jpg
65,Unum Group,266,https://craft.co/unum,https://uploads5.craft.co/uploads/company/logo/119xx/11911/normal_99ea2e3996342fa9.jpeg
66,CSX,267,https://craft.co/csx,https://uploads1.craft.co/uploads/company/logo/1354xx/135447/normal_e992524bbfb0d11c.jpg
67,AutoZone,268,https://craft.co/autozone,https://uploads4.craft.co/uploads/company/logo/1049xx/104917/normal_baa74c8ea9afb428.png
68,Pacific Life,269,https://craft.co/pacific-life,https://uploads4.craft.co/uploads/company/logo/2563xx/256311/normal_68a688fc2514d60a.jpg
69,Vistra Energy,270,https://craft.co/vistra-energy,https://uploads1.craft.co/uploads/company/logo/14057xx/1405753/normal_8e3c43408d73799e.jpeg
70,Charles Schwab,271,https://craft.co/charles-schwab,https://uploads2.craft.co/uploads/company/logo/19xx/1991/normal_6a2d1de0f3d9a70f.jpg
71,Crown Holdings,272,https://craft.co/crown-holdings,https://uploads1.craft.co/uploads/company/logo/1174xx/117437/normal_5cd8d3b4fc963dca.png
72,Ally Financial,273,https://craft.co/ally-financial,https://uploads5.craft.co/uploads/company/logo/680xx/68085/normal_3e7ebeef20275e04.jpg
73,Laboratory Corp. of America,274,https://craft.co/laboratory-corporation-of-america-holdings,https://uploads4.craft.co/uploads/company/logo/115xx/11525/normal_e3de5cc32860110e.png
74,Live Nation Entertainment,275,https://craft.co/live-nation-entertainment,https://uploads4.craft.co/uploads/company/logo/459xx/45940/normal_a7dd1296efb40a70.png
75,Xcel Energy,276,https://craft.co/xcel-energy,https://uploads4.craft.co/uploads/company/logo/119xx/11907/normal_871f84995ff0b47f.jpg
76,Corning,277,https://craft.co/corning,https://uploads5.craft.co/uploads/company/logo/18xx/1813/normal_f40205f45c10ac4b.jpg
77,W.W. Grainger,278,https://craft.co/ww.-grainger,
78,Ball,279,https://craft.co/ball,https://uploads2.craft.co/uploads/company/logo/1169xx/116982/normal_1a5cc89b10814dbf.jpg
79,Fox,280,https://craft.co/fox-corporation,https://uploads5.craft.co/uploads/company/logo/20xx/2092/normal_9bef075b92e3ae69.jpeg
80,Universal Health Services,281,https://craft.co/universal-health-services,https://uploads3.craft.co/uploads/company/logo/666xx/66622/normal_7ba736a410f68c9a.jpg
81,Baxter International,282,https://craft.co/baxter-international,https://uploads1.craft.co/uploads/company/logo/20xx/2049/normal_neLaa43i.jpeg
82,Norfolk Southern,283,https://craft.co/norfolk-southern,https://uploads5.craft.co/uploads/company/logo/1500xx/150056/normal_4c6b43a5b1f97546.png
83,Navistar International,284,https://craft.co/navistar,https://uploads4.craft.co/uploads/company/logo/114xx/11445/normal_9632a47a3ac0d288.jpg
84,Adobe,285,https://craft.co/adobe,https://uploads4.craft.co/uploads/company/logo/2xx/281/normal_fbe9ab25ab6e86cd.png
85,J.C. Penney,286,https://craft.co/j-c-penny,
86,Discovery,287,https://craft.co/discovery-communications,https://uploads3.craft.co/uploads/company/logo/20xx/2078/normal_75395b3d4edaecd4.png
87,Keurig Dr Pepper,288,https://craft.co/keurig-dr-pepper,https://uploads5.craft.co/uploads/company/logo/12257xx/1225784/normal_4352f6b8a83acb64.jpg
88,Leidos Holdings,289,https://craft.co/leidos,https://uploads2.craft.co/uploads/company/logo/1988xx/198860/normal_1b7bf1977e4af9d4.jpg
89,IQVIA Holdings,290,https://craft.co/iqvia,https://uploads3.craft.co/uploads/company/logo/13508xx/1350861/normal_757558f571afef0b.png
90,Reliance Steel & Aluminum,291,https://craft.co/reliance-steel-aluminum,https://uploads4.craft.co/uploads/company/logo/111xx/11155/normal_5cf7b89dd876b1e6.png
91,Nvidia,292,https://craft.co/nvidia,https://uploads5.craft.co/uploads/company/logo/180xx/18091/normal_3c463525d69fe345.jpg
92,Entergy,293,https://craft.co/entergy-corporation,https://uploads3.craft.co/uploads/company/logo/105xx/10536/normal_72b47ea7074da023.jpg
93,FirstEnergy,294,https://craft.co/firstenergy,https://uploads1.craft.co/uploads/company/logo/110xx/11062/normal_7b4becf83af8e6c0.jpg
94,eBay,295,https://craft.co/ebay,https://uploads3.craft.co/uploads/company/logo/148xx/14820/normal_NCDCFXva.jpeg
95,Boston Scientific,296,https://craft.co/boston-scientific,https://uploads3.craft.co/uploads/company/logo/103xx/10380/normal_53e8a9cf46d490df.jpg
96,Office Depot,297,https://craft.co/office-depot,https://uploads1.craft.co/uploads/company/logo/879xx/87961/normal_501ec31aa73c7501.jpg
97,Molson Coors Beverage,298,https://craft.co/molson-coors,https://uploads5.craft.co/uploads/company/logo/20xx/2036/normal_019777853cc87d75.jpg
98,Steel Dynamics,299,https://craft.co/steel-dynamics,https://uploads5.craft.co/uploads/company/logo/2029xx/202974/normal_d7fe4f2fbe7d4b34.png
99,Mutual of Omaha Insurance,300,https://craft.co/mutual-of-omaha,https://uploads3.craft.co/uploads/company/logo/2563xx/256319/normal_306d7a574d16f80d.jpg
100,Sonic Automotive,301,https://craft.co/sonic-automotive,https://uploads3.craft.co/uploads/company/logo/1558xx/155891/normal_0fbf97e6e617ef7e.jpg
101,Alcoa,302,https://craft.co/alcoa,https://uploads4.craft.co/uploads/company/logo/1187xx/118775/normal_edc1118a29742f26.jpg
102,Fidelity National Information Services,303,https://craft.co/fidelity-national-information-services,
103,Henry Schein,304,https://craft.co/henry-schein,https://uploads1.craft.co/uploads/company/logo/1197xx/119759/normal_a5f57c1d9a8ba715.jpg
104,Republic Services,305,https://craft.co/republic-services,https://uploads3.craft.co/uploads/company/logo/2116xx/211686/normal_52a5037554d54cec.png
105,Liberty Media,306,https://craft.co/liberty-media,https://uploads1.craft.co/uploads/company/logo/20xx/2083/normal_LibertyLogo.jpg
106,Peter Kiewit Sons',307,https://craft.co/kiewit,https://uploads5.craft.co/uploads/company/logo/1456xx/145636/normal_fd1c4d38005fe201.jpg
107,Interpublic Group,308,https://craft.co/interpublic-group,https://uploads1.craft.co/uploads/company/logo/110xx/11098/normal_de6bc99084a20b2f.jpg
108,PulteGroup,309,https://craft.co/pultegroup,https://uploads3.craft.co/uploads/company/logo/113xx/11363/normal_0a34edbb2cb98770.jpg
109,AES,310,https://craft.co/the-aes-corporation,https://uploads2.craft.co/uploads/company/logo/113xx/11399/normal_afb688f217611403.jpg
110,Fiserv,311,https://craft.co/fiserv,https://uploads4.craft.co/uploads/company/logo/362xx/36223/normal_be02c32f18ad76bf.png
111,BorgWarner,312,https://craft.co/borgwarner,https://uploads5.craft.co/uploads/company/logo/106xx/10691/normal_ea5ae0266144427c.png
112,Oneok,313,https://craft.co/oneok,https://uploads1.craft.co/uploads/company/logo/112xx/11248/normal_b2d68c63d385bdd5.jpg
113,O'Reilly Automotive,314,https://craft.co/o'reilly-automotive,
114,Assurant,315,https://craft.co/assurant,https://uploads1.craft.co/uploads/company/logo/688xx/68889/normal_e5ccdfd809027db6.png
115,Newell Brands,316,https://craft.co/newell-brands,https://uploads2.craft.co/uploads/company/logo/18xx/1836/normal_50dd275626398606.jpg
116,Public Service Enterprise Group,317,https://craft.co/public-service-enterprise-group,https://uploads5.craft.co/uploads/company/logo/1213xx/121302/normal_659549d88bba9bba.jpg
117,News Corp.,318,https://craft.co/news-corp,https://uploads5.craft.co/uploads/company/logo/20xx/2099/normal_63e79591caff381b.png
118,Calpine,319,https://craft.co/calpine-corporation,https://uploads4.craft.co/uploads/company/logo/109xx/10910/normal_f0d4af76bf1ed68b.png
119,Auto-Owners Insurance,320,https://craft.co/auto-owners-insurance,https://uploads1.craft.co/uploads/company/logo/2564xx/256436/normal_96a966a2c4651183.jpg
120,Mohawk Industries,321,https://craft.co/mohawk-industries,https://uploads1.craft.co/uploads/company/logo/114xx/11437/normal_cdb7fbc4dfd1eff6.jpg
121,PVH,322,https://craft.co/pvh,https://uploads5.craft.co/uploads/company/logo/113xx/11364/normal_e84d8144b93b9c1e.jpg
122,Campbell Soup,323,https://craft.co/campbell-soup-company,https://uploads5.craft.co/uploads/company/logo/1213xx/121359/normal_e3c971a8c4b39a50.png
123,NRG Energy,324,https://craft.co/nrg-energy,https://uploads4.craft.co/uploads/company/logo/308xx/30872/normal_64ae4255168a59c4.png
124,Fifth Third Bancorp,325,https://craft.co/fifth-third-bancorp,https://uploads1.craft.co/uploads/company/logo/1850xx/185065/normal_ae043b7a37f35eb5.jpg
125,Hertz Global Holdings,326,https://craft.co/hertz-globall,
126,Altice USA,327,https://craft.co/altice-usa,https://uploads2.craft.co/uploads/company/logo/2578xx/257819/normal_5b4d8f2eb4ff49a3.jpg
127,Newmont,328,https://craft.co/newmont-mining-corporation,https://uploads5.craft.co/uploads/company/logo/114xx/11449/normal_8f3f57543d4ccd9e.jpeg
128,Cheniere Energy,329,https://craft.co/cheniere-energy,https://uploads2.craft.co/uploads/company/logo/2492xx/249299/normal_6279f341dba80e83.jpg
129,Advance Auto Parts,330,https://craft.co/advance-auto-parts,https://uploads3.craft.co/uploads/company/logo/767xx/76743/normal_ad3d596a23dbdf29.png
130,Lam Research,331,https://craft.co/lam-research,https://uploads5.craft.co/uploads/company/logo/840xx/84099/normal_0a32bb658033b7b7.png
131,Owens & Minor,332,https://craft.co/owens-minor,https://uploads2.craft.co/uploads/company/logo/629xx/62913/normal_2f9e627e2ce0e943.jpeg
132,Equitable Holdings,333,https://craft.co/equitable-holdings,https://uploads3.craft.co/uploads/company/logo/1137xx/113703/normal_4edbae40eec07436.png
133,Conagra Brands,334,https://craft.co/conagra,https://uploads3.craft.co/uploads/company/logo/20xx/2025/normal_4dc08428808cc40e.jpg
134,Markel,335,https://craft.co/markel-corporation,https://uploads2.craft.co/uploads/company/logo/2075xx/207585/normal_4a7ab9f6c1592468.png
135,Jones Financial (Edward Jones),336,https://craft.co/edward-jones,
136,Hormel Foods,337,https://craft.co/hormel-foods-corporation,https://uploads4.craft.co/uploads/company/logo/107xx/10752/normal_3401193deee3fa84.png
137,Hilton Worldwide Holdings,338,https://craft.co/hilton-worldwide,https://uploads2.craft.co/uploads/company/logo/19xx/1939/normal_2fe8efd36e9a7e10.jpg
138,Univar Solutions,339,https://craft.co/univar-solutions,https://uploads1.craft.co/uploads/company/logo/732xx/73281/normal_29b1ad3cc06cf998.png
139,United Rentals,340,https://craft.co/united-rentals,https://uploads2.craft.co/uploads/company/logo/1669xx/166945/normal_qvG1AgS_.jpeg
140,Pioneer Natural Resources,341,https://craft.co/pioneer-natural-resources-company,https://uploads2.craft.co/uploads/company/logo/114xx/11476/normal_a1c54d48d1b9e6be.png
141,Delek US Holdings,342,https://craft.co/delek-us-holdings,https://uploads4.craft.co/uploads/company/logo/1929xx/192957/normal_f9914213d133101e.jpg
142,Eastman Chemical,343,https://craft.co/eastman-chemical,https://uploads3.craft.co/uploads/company/logo/1152xx/115246/normal_a87d09f86a1d759d.jpg
143,EMCOR Group,344,https://craft.co/emcor-group,https://uploads2.craft.co/uploads/company/logo/1216xx/121643/normal_b1065653acede24d.jpeg
144,Avis Budget Group,345,https://craft.co/avis-budget-group,https://uploads4.craft.co/uploads/company/logo/19xx/1931/normal_t5CrGQ7a.jpg
145,J.B. Hunt Transport Services,346,https://craft.co/jb-hunt-transport,https://uploads3.craft.co/uploads/company/logo/1284xx/128498/normal_JBH.jpg
146,Xerox Holdings,347,https://craft.co/xerox,https://uploads3.craft.co/uploads/company/logo/198xx/19834/normal_1e98615b8fc09cd0.jpg
147,Wayfair,348,https://craft.co/wayfair,
148,KKR,349,https://craft.co/kkr,
149,AGCO,350,https://craft.co/agco,https://uploads3.craft.co/uploads/company/logo/1142xx/114223/normal_683bebf5a5cbd1e4.png
150,Alleghany,351,https://craft.co/alleghany-corporation,https://uploads3.craft.co/uploads/company/logo/1276xx/127616/normal_6bf985f2fb8778d3.jpg
151,Icahn Enterprises,352,https://craft.co/icahn-enterprises,https://uploads1.craft.co/uploads/company/logo/776xx/77648/normal_b4c871d495d5b26b.jpg
152,Voya Financial,353,https://craft.co/voya-financial,https://uploads4.craft.co/uploads/company/logo/118xx/11893/normal_25b813edc5de7268.jpeg
153,Ryder System,354,https://craft.co/ryder-system,https://uploads1.craft.co/uploads/company/logo/111xx/11157/normal_C4kpfnTq.jpg
154,Air Products & Chemicals,355,https://craft.co/air-products,https://uploads1.craft.co/uploads/company/logo/106xx/10668/normal_9450b005d437c920.png
155,Mosaic,356,https://craft.co/mosaic,https://uploads1.craft.co/uploads/company/logo/859xx/85954/normal_8fe56b65a7e9e16c.jpeg
156,Huntington Ingalls Industries,357,https://craft.co/huntington-ingalls-industries,https://uploads3.craft.co/uploads/company/logo/2113xx/211368/normal_67a0a8ac5704aca4.jpg
157,Berry Global Group,358,https://craft.co/berry-global,https://uploads5.craft.co/uploads/company/logo/1274xx/127471/normal_33ad8c1ecd417c74.jpg
158,Anixter International,359,https://craft.co/anixter-international,
159,Alaska Air Group,360,https://craft.co/alaska-air-group,https://uploads2.craft.co/uploads/company/logo/599xx/59900/normal_eb0f73d51e91ba49.jpg
160,Yum China Holdings,361,https://craft.co/yum-china,https://uploads1.craft.co/uploads/company/logo/14057xx/1405777/normal_e2b9eb1c5a21bc12.png
161,Dick's Sporting Goods,362,https://craft.co/dicks-sporting-goods,https://uploads2.craft.co/uploads/company/logo/1278xx/127859/normal_bbe9fe034688d1b0.png
162,Caesars Entertainment,363,https://craft.co/caesars-entertainment,https://uploads1.craft.co/uploads/company/logo/19xx/1932/normal_45d294182470d80b.jpg
163,Genworth Financial,364,https://craft.co/genworth-financial,https://uploads5.craft.co/uploads/company/logo/105xx/10552/normal_9d9c305e7dd22131.jpeg
164,Targa Resources,365,https://craft.co/targa-resources,https://uploads2.craft.co/uploads/company/logo/113xx/11389/normal_a10a6679f7d176fc.png
165,Coty,366,https://craft.co/coty,https://uploads1.craft.co/uploads/company/logo/650xx/65034/normal_de3365ce75acfd80.jpeg
166,Dana,367,https://craft.co/dana,https://uploads2.craft.co/uploads/company/logo/1148xx/114848/normal_danalogo.jpg
167,Thrivent Financial for Lutherans,368,https://craft.co/thrivent,
168,Autoliv,369,https://craft.co/autoliv,https://uploads3.craft.co/uploads/company/logo/1159xx/115946/normal_3f52da02464f0354.png
169,SpartanNash,370,https://craft.co/spartannash,https://uploads1.craft.co/uploads/company/logo/127xx/12790/normal_01bc269e001a67c1.jpg
170,Eversource Energy,371,https://craft.co/eversource-energy,https://uploads2.craft.co/uploads/company/logo/2493xx/249303/normal_25abb071ffb2671d.png
171,Darden Restaurants,372,https://craft.co/darden-restaurants,https://uploads1.craft.co/uploads/company/logo/1266xx/126695/normal_Darden_swoosh.jpg
172,Chesapeake Energy,373,https://craft.co/chesapeake-energy-corporation,https://uploads5.craft.co/uploads/company/logo/110xx/11025/normal_ff67a03e16cffb4f.jpg
173,National Oilwell Varco,374,https://craft.co/national-oilwell-varco,https://uploads2.craft.co/uploads/company/logo/1708xx/170807/normal_1a566c6db1693585.png
174,Fidelity National Financial,375,https://craft.co/fidelity-national-financial,https://uploads4.craft.co/uploads/company/logo/1184xx/118427/normal_6f54ccf7d086f684.jpg
175,Erie Insurance Group,376,https://craft.co/erie-insurance-group,https://uploads1.craft.co/uploads/company/logo/2564xx/256439/normal_7474e6fe8f19c210.jpg
176,Oshkosh,377,https://craft.co/oshkosh-corporation,https://uploads5.craft.co/uploads/company/logo/2117xx/211741/normal_89a4aba98083fb0e.jpg
177,Casey's General Stores,378,https://craft.co/caseys-general-stores,https://uploads2.craft.co/uploads/company/logo/1528xx/152819/normal_be96b06a7772d7b7.jpeg
178,WESCO International,379,https://craft.co/wesco,https://uploads1.craft.co/uploads/company/logo/118xx/11854/normal_03705624b76944ee.jpg
179,Tractor Supply,380,https://craft.co/tractor-supply-company,https://uploads4.craft.co/uploads/company/logo/131xx/13160/normal_279f89824eb02105.png
180,CommScope Holding,381,https://craft.co/commscope,https://uploads4.craft.co/uploads/company/logo/121xx/12118/normal_1ffe9a30e879cbe5.jpg
181,Huntsman,382,https://craft.co/huntsman-corporation,https://uploads2.craft.co/uploads/company/logo/1146xx/114680/normal_1c696edb35faf643.jpg
182,American Financial Group,383,https://craft.co/american-financial-group,https://uploads4.craft.co/uploads/company/logo/106xx/10671/normal_16b310de6bb0d6fd.jpeg
183,Masco,384,https://craft.co/masco-corporation,https://uploads2.craft.co/uploads/company/logo/1142xx/114222/normal_1474d667be8bfeda.jpg
184,Sanmina,385,https://craft.co/sanmina,https://uploads2.craft.co/uploads/company/logo/1250xx/125055/normal_9188704b552a4eed.jpg
185,Amphenol,386,https://craft.co/amphenol,https://uploads5.craft.co/uploads/company/logo/2492xx/249283/normal_0cce8f0f0e6090bc.png
186,Williams,387,https://craft.co/williams,https://uploads3.craft.co/uploads/company/logo/14985xx/1498529/normal_5f592b9e6d9edc8b.jpg
187,Westinghouse Air Brake,388,https://craft.co/westinghouse-air-brake,
188,Expeditors Intl. of Washington,389,https://craft.co/expeditors-international,https://uploads2.craft.co/uploads/company/logo/582xx/58245/normal_225c30d0bf82067c.png
189,Andersons,390,https://craft.co/the-andersons,https://uploads5.craft.co/uploads/company/logo/1174xx/117440/normal_AAEAAQAAAAAAAAQQAAAAJGVkZGY2ODM0LTE4ZGItNDUxMS05MmFiLWI4M2MyMWQwZWVhZg.png
190,Westlake Chemical,391,https://craft.co/westlake-chemical,https://uploads1.craft.co/uploads/company/logo/1556xx/155688/normal_59c3dcb67c752355.png
191,Constellation Brands,392,https://craft.co/constellation-brands,https://uploads5.craft.co/uploads/company/logo/1374xx/137464/normal_fcaa11bb99b769f5.jpg
192,Frontier Communications,393,https://craft.co/frontier-communications,https://uploads5.craft.co/uploads/company/logo/162xx/16249/normal_319c3948e67f8894.png
193,JetBlue Airways,394,https://craft.co/jetblue-airways,https://uploads3.craft.co/uploads/company/logo/19xx/1943/normal_33888910ac88b4cc.jpg
194,Citizens Financial Group,395,https://craft.co/citizens-financial-group,https://uploads2.craft.co/uploads/company/logo/106xx/10611/normal_ef43ba6702cc85ce.png
195,Raymond James Financial,396,https://craft.co/raymond-james,https://uploads4.craft.co/uploads/company/logo/321xx/32136/normal_0d010441345eec7a.png
196,Foot Locker,397,https://craft.co/foot-locker,https://uploads5.craft.co/uploads/company/logo/19xx/1960/normal_a215606a0ff20ad2.jpg
197,Hershey,398,https://craft.co/hershey,https://uploads4.craft.co/uploads/company/logo/20xx/2031/normal_8848bb14d0a1a09e.jpg
198,Zimmer Biomet Holdings,399,https://craft.co/zimmer-biomet,https://uploads4.craft.co/uploads/company/logo/1149xx/114947/normal_83c47f71b6f8a7b7.png
199,Cincinnati Financial,400,https://craft.co/cincinnati-financial-corporation,https://uploads4.craft.co/uploads/company/logo/122xx/12225/normal_1a03ff16e75ff976.png
200,Western & Southern Financial Group,401,https://craft.co/western-southern-financial-group,https://uploads5.craft.co/uploads/company/logo/2568xx/256872/normal_e551b38dbc7a2be9.jpg
201,W.R. Berkley,402,https://craft.co/wr-berkley-corporation,https://uploads4.craft.co/uploads/company/logo/119xx/11919/normal_457153b863eb88f0.jpeg
202,Motorola Solutions,403,https://craft.co/motorola-solutions,https://uploads1.craft.co/uploads/company/logo/18xx/1895/normal_2X4iJQBW.png
203,Thor Industries,404,https://craft.co/thor-industries,https://uploads3.craft.co/uploads/company/logo/115xx/11509/normal_94ac732718ae6a41.jpg
204,Regeneron Pharmaceuticals,405,https://craft.co/regeneron-pharmaceuticals,https://uploads5.craft.co/uploads/company/logo/1201xx/120182/normal_2d98da049c9d4632.png
205,Spirit AeroSystems Holdings,406,https://craft.co/spirit-aerosystems,https://uploads1.craft.co/uploads/company/logo/914xx/91448/normal_64c1ef71403c85dd.jpg
206,J.M. Smucker,407,https://craft.co/the-jm-smucker,https://uploads2.craft.co/uploads/company/logo/1153xx/115374/normal_c4e25da37b4afb0a.jpg
207,PPL,408,https://craft.co/ppl-corporation,https://uploads3.craft.co/uploads/company/logo/112xx/11259/normal_cd9a4f83d9036a8b.png
208,Insight Enterprises,409,https://craft.co/insight,https://uploads5.craft.co/uploads/company/logo/1457xx/145728/normal_LIfbIrkf.png
209,Quest Diagnostics,410,https://craft.co/quest-diagnostics,https://uploads3.craft.co/uploads/company/logo/513xx/51377/normal_a94f27ced273499c.jpeg
210,KeyCorp,411,https://craft.co/keycorp,https://uploads2.craft.co/uploads/company/logo/1157xx/115726/normal_65db4a8b1455e9f4.jpg
211,Veritiv,412,https://craft.co/veritiv,https://uploads5.craft.co/uploads/company/logo/118xx/11869/normal_bf8954798113c20a.jpg
212,DCP Midstream,413,https://craft.co/dcp-midstream,https://uploads1.craft.co/uploads/company/logo/1961xx/196148/normal_89bdff124c6ec12f.jpg
213,American Tower,414,https://craft.co/american-tower,https://uploads5.craft.co/uploads/company/logo/18xx/1891/normal_759cdea07bcf42e7.png
214,Graybar Electric,415,https://craft.co/graybar-electric,https://uploads5.craft.co/uploads/company/logo/2545xx/254515/normal_c1ab75154b2cb2d7.jpeg
215,WEC Energy Group,416,https://craft.co/wec-energy,https://uploads5.craft.co/uploads/company/logo/2493xx/249381/normal_3005327a1b68af6d.jpg
216,NVR,417,https://craft.co/nvr,https://uploads3.craft.co/uploads/company/logo/2122xx/212209/normal_de5ae322d7c5fb1e.png
217,Ulta Beauty,418,https://craft.co/ulta-beauty,https://uploads1.craft.co/uploads/company/logo/1244xx/124411/normal_AAEAAQAAAAAAAAMYAAAAJDczMzFjYjI3LTMwMWUtNGU2ZC05MTA1LWEyMWE3MmZhZGIwZQ.png
218,Devon Energy,419,https://craft.co/devon-energy,https://uploads2.craft.co/uploads/company/logo/1481xx/148126/normal_1cfe5bdb1f0524f3.png
219,Blackstone Group,420,https://craft.co/blackstone-group,
220,Dean Foods,421,https://craft.co/dean-foods,https://uploads5.craft.co/uploads/company/logo/383xx/38317/normal_0244f968f47cb42b.png
221,Fortive,422,https://craft.co/fortive,https://uploads5.craft.co/uploads/company/logo/2493xx/249350/normal_956d6bf1ef05bad1.png
222,UGI,423,https://craft.co/ugi-corporation,https://uploads4.craft.co/uploads/company/logo/1170xx/117037/normal_ca5271bd4ebbe09d.png
223,Burlington Stores,424,https://craft.co/burlington-stores,https://uploads5.craft.co/uploads/company/logo/19xx/1957/normal_d10632dd8daf020e.jpg
224,Builders FirstSource,425,https://craft.co/builders-firstsource,https://uploads4.craft.co/uploads/company/logo/1965xx/196509/normal_ac69cb10fcf591d7.jpg
225,Toll Brothers,426,https://craft.co/toll-brothers,https://uploads1.craft.co/uploads/company/logo/531xx/53182/normal_66f59db3ad6be864.jpeg
226,Old Republic International,427,https://craft.co/old-republic-international-corporation,https://uploads4.craft.co/uploads/company/logo/116xx/11667/normal_93ec7bb976e18472.png
227,Asbury Automotive Group,428,https://craft.co/asbury-automotive-group,https://uploads1.craft.co/uploads/company/logo/1945xx/194542/normal_c06dc0775aac79b9.png
228,Arthur J. Gallagher,429,https://craft.co/gallagher-global,https://uploads4.craft.co/uploads/company/logo/2493xx/249308/normal_19d8946bc9cc7846.jpg
229,MasTec,430,https://craft.co/mastec,https://uploads1.craft.co/uploads/company/logo/1163xx/116366/normal_4b8b8a5dcd592460.jpg
230,Owens Corning,431,https://craft.co/owens-corning,https://uploads1.craft.co/uploads/company/logo/1193xx/119364/normal_459bdfd4bf03b32b.jpg
231,Magellan Health,432,https://craft.co/magellan-health,https://uploads1.craft.co/uploads/company/logo/128xx/12833/normal_c9f5ccc0d6d2cb67.jpg
232,Dover,433,https://craft.co/dover,https://uploads3.craft.co/uploads/company/logo/635xx/63518/normal_21ac2b29bd1276a9.png
233,Beacon Roofing Supply,434,https://craft.co/beacon-roofing-supply,https://uploads3.craft.co/uploads/company/logo/1952xx/195212/normal_Lighthouse.png
234,Avery Dennison,435,https://craft.co/avery-dennison-corporation,https://uploads4.craft.co/uploads/company/logo/103xx/10363/normal_184d2dee035d6199.png
235,Hanesbrands,436,https://craft.co/hanesbrands,https://uploads2.craft.co/uploads/company/logo/1262xx/126230/normal_hanesbrands_416x416.jpg
236,Packaging Corp. of America,437,https://craft.co/packaging-corporation-of-america,https://uploads4.craft.co/uploads/company/logo/111xx/11135/normal_e33c5faba9084c06.png
237,M&T Bank,438,https://craft.co/mt-bank-corporation,https://uploads2.craft.co/uploads/company/logo/111xx/11105/normal_e3c8ad6e8c1921f1.jpeg
238,NCR,439,https://craft.co/ncr-corporation,https://uploads2.craft.co/uploads/company/logo/117xx/11747/normal_9cfe0614e8ae2c98.png
239,Northern Trust,440,https://craft.co/northern-trust-corp,https://uploads4.craft.co/uploads/company/logo/129xx/12938/normal_f00c0b25d62c3f57.png
240,Cintas,441,https://craft.co/cintas-corporation,https://uploads2.craft.co/uploads/company/logo/125xx/12552/normal_msMzU4XZ.jpg
241,Polaris,442,https://craft.co/polaris,https://uploads1.craft.co/uploads/company/logo/2473xx/247337/normal_a9b9bfe49cce6962.jpeg
242,CMS Energy,443,https://craft.co/cms-energy,https://uploads1.craft.co/uploads/company/logo/1554xx/155466/normal_68c962a35961781a.png
243,Seaboard,444,https://craft.co/seaboard,https://uploads2.craft.co/uploads/company/logo/2493xx/249372/normal_7c8caa76dc9fe08f.jpg
244,Intuit,445,https://craft.co/intuit,https://uploads3.craft.co/uploads/company/logo/18xx/1865/normal_4e5bb379397639d8.jpeg
245,Regions Financial,446,https://craft.co/regions-financial,https://uploads2.craft.co/uploads/company/logo/1299xx/129903/normal_8636b2fa7c8bc8ad.jpeg
246,FM Global,447,https://craft.co/fm-global,https://uploads2.craft.co/uploads/company/logo/1112xx/111212/normal_9ab0333b1f6f18be.jpg
247,Advanced Micro Devices,448,https://craft.co/amd,https://uploads4.craft.co/uploads/company/logo/209xx/20960/normal_e78ac6b21c6d12e9.jpg
248,Ovintiv,449,https://craft.co/ovintiv,https://uploads3.craft.co/uploads/company/logo/108xx/10842/normal_f4c1c8f140b6ec37.png
249,Booz Allen Hamilton Holding,450,https://craft.co/booz-allen-hamilton,https://uploads2.craft.co/uploads/company/logo/110xx/11011/normal_e587363049dcfa06.png
250,S&P Global,451,https://craft.co/sp_global,https://uploads5.craft.co/uploads/company/logo/20xx/2004/normal_e43978d6344feda9.png
251,Rockwell Automation,452,https://craft.co/rockwell-automation,https://uploads3.craft.co/uploads/company/logo/18xx/1837/normal_b3b07117a8b731c6.png
252,O-I Glass,453,https://craft.co/o-i-glass,https://uploads5.craft.co/uploads/company/logo/1585xx/158502/normal_52630d2ae47e713a.png
253,Wynn Resorts,454,https://craft.co/wynn-resorts,https://uploads1.craft.co/uploads/company/logo/19xx/1955/normal_9bd590fe09733e55.jpg
254,Securian Financial Group,455,https://craft.co/securian-financial,https://uploads2.craft.co/uploads/company/logo/11640xx/1164001/normal_7be7da7527b0bb0c.jpg
255,Alliance Data Systems,456,https://craft.co/alliance-data-systems,https://uploads5.craft.co/uploads/company/logo/1148xx/114814/normal_Twitter-logo2.gif
256,Weyerhaeuser,457,https://craft.co/weyerhaeuser,https://uploads4.craft.co/uploads/company/logo/1150xx/115025/normal_bf2343a3c5937a14.jpg
257,Brighthouse Financial,458,https://craft.co/brighthouse-financial,https://uploads5.craft.co/uploads/company/logo/2766xx/276674/normal_10e20aae9c2d0546.jpg
258,Intercontinental Exchange,459,https://craft.co/intercontinental-exchange,https://uploads2.craft.co/uploads/company/logo/108xx/10872/normal_312dc5e17df32fc4.jpg
259,American Axle & Manufacturing,460,https://craft.co/american-axle-manufacturing,https://uploads5.craft.co/uploads/company/logo/1945xx/194512/normal_793841afffcba0cb.jpg
260,Hess,461,https://craft.co/hess,https://uploads2.craft.co/uploads/company/logo/1312xx/131204/normal_uJTWvNy4_400x400.jpg
261,ABM Industries,462,https://craft.co/abm-industries,https://uploads2.craft.co/uploads/company/logo/1919xx/191927/normal_080d5729e45f9307.jpg
262,Activision Blizzard,463,https://craft.co/activision-blizzard,https://uploads2.craft.co/uploads/company/logo/180xx/18076/normal_8a8e59531faa4fc8.jpg
263,GameStop,464,https://craft.co/gamestop,https://uploads5.craft.co/uploads/company/logo/274xx/27464/normal_c92d3e19e9d4e1ed.png
264,Apache,465,https://craft.co/apache-corporation,https://uploads2.craft.co/uploads/company/logo/106xx/10676/normal_7f8db0d446c3c9d1.jpeg
265,Science Applications International,466,https://craft.co/saic,https://uploads5.craft.co/uploads/company/logo/366xx/36689/normal_067127d63b7cbd83.jpg
266,AK Steel Holding,467,https://craft.co/ak-steel,
267,Dillard's,468,https://craft.co/dillards,https://uploads1.craft.co/uploads/company/logo/516xx/51683/normal_p4X10HEZ.png
268,Ralph Lauren,469,https://craft.co/ralph-lauren,https://uploads5.craft.co/uploads/company/logo/19xx/1976/normal_de6943ed717ed9b7.jpg
269,Celanese,470,https://craft.co/celanese,https://uploads3.craft.co/uploads/company/logo/1135xx/113545/normal_0626e8db6f47de06.jpg
270,R.R. Donnelley & Sons,471,https://craft.co/rr-donnelley-sons,https://uploads1.craft.co/uploads/company/logo/624xx/62478/normal_76272d69b6234a32.jpg
271,Zoetis,472,https://craft.co/zoetis,https://uploads5.craft.co/uploads/company/logo/373xx/37395/normal_a0a73daf47d4e825.png
272,Ascena Retail Group,473,https://craft.co/ascena-retail-group,https://uploads4.craft.co/uploads/company/logo/1949xx/194941/normal_c4df68bc93154f2e.jpg
273,Clorox,474,https://craft.co/clorox,https://uploads5.craft.co/uploads/company/logo/20xx/2055/normal_91c25e2f8b9c708e.png
274,Ingredion,475,https://craft.co/ingredion,https://uploads5.craft.co/uploads/company/logo/2120xx/212018/normal_z8jfjgc3lb82hui2eu9v.png
275,First American Financial,476,https://craft.co/first-american-corporation-the,https://uploads5.craft.co/uploads/company/logo/109xx/10949/normal_582f7af46bc4d70c.jpg
276,Graphic Packaging Holding,477,https://craft.co/graphic-packaging,https://uploads5.craft.co/uploads/company/logo/106xx/10652/normal_8038ec70425ad8ad.png
277,NetApp,478,https://craft.co/netapp,https://uploads4.craft.co/uploads/company/logo/18xx/1868/normal_2b7165b9f47e9a38.jpg
278,HD Supply Holdings,479,https://craft.co/hd-supply-holdings,https://uploads5.craft.co/uploads/company/logo/1210xx/121092/normal_293911536ac1b620.jpg
279,TravelCenters of America,480,https://craft.co/travelcenters-of-america,https://uploads5.craft.co/uploads/company/logo/1189xx/118946/normal_7a7ed27b6c5b024b.png
280,Olin,481,https://craft.co/olin-corporation,https://uploads4.craft.co/uploads/company/logo/1152xx/115244/normal_bfce1675d93cd922.jpg
281,Robert Half International,482,https://craft.co/robert-half-international,https://uploads3.craft.co/uploads/company/logo/1155xx/115527/normal_1658f5e6848ff017.png
282,EnLink Midstream,483,https://craft.co/enlink-midstream,https://uploads4.craft.co/uploads/company/logo/104xx/10425/normal_796397013d4cfde8.png
283,Avantor,484,https://craft.co/avantor,https://uploads3.craft.co/uploads/company/logo/13647xx/1364790/normal_f284e86027c51092.jpeg
284,Tapestry,485,https://craft.co/coach,https://uploads3.craft.co/uploads/company/logo/19xx/1958/normal_3f426bea77d27389.jpeg
285,TD Ameritrade Holding,486,https://craft.co/td-ameritrade-holding-corporation,https://uploads4.craft.co/uploads/company/logo/118xx/11815/normal_d20120782d7c1697.png
286,Analog Devices,487,https://craft.co/analog-devices,https://uploads1.craft.co/uploads/company/logo/738xx/73829/normal_446d299ec978312b.png
287,Ameren,488,https://craft.co/ameren-corporation,https://uploads3.craft.co/uploads/company/logo/103xx/10357/normal_de466638bc399280.png
288,Williams-Sonoma,489,https://craft.co/williams-sonoma,https://uploads3.craft.co/uploads/company/logo/838xx/83874/normal_f0bbf22bbc3eb0ad.png
289,Realogy Holdings,490,https://craft.co/realogy-holdings,https://uploads4.craft.co/uploads/company/logo/2026xx/202674/normal_682405151de65df9.jpeg
290,Commercial Metals,491,https://craft.co/commercial-metals,https://uploads2.craft.co/uploads/company/logo/1994xx/199412/normal_cea81c6255b502a1.jpg
291,Rush Enterprises,492,https://craft.co/rush-enterprises,https://uploads4.craft.co/uploads/company/logo/2060xx/206003/normal_b7fbdb11889bbca1.jpeg
292,Franklin Resources,493,https://craft.co/franklin-resources,https://uploads4.craft.co/uploads/company/logo/110xx/11066/normal_7694a659226b3f46.jpeg
293,Fortune Brands Home & Security,494,https://craft.co/fortune-brands-home-security,https://uploads1.craft.co/uploads/company/logo/1051xx/105197/normal_6ae3ae53b2f2bc32.png
294,Levi Strauss,495,https://craft.co/levistrauss,https://uploads1.craft.co/uploads/company/logo/2474xx/247498/normal_717660f935e90e71.jpg
295,Crown Castle International,496,https://craft.co/crown-castle,https://uploads1.craft.co/uploads/company/logo/106xx/10617/normal_db1e65a744a1cd35.jpg
296,Simon Property Group,497,https://craft.co/simon-property-group,https://uploads2.craft.co/uploads/company/logo/286xx/28696/normal_CLH1UbOK.jpeg
297,Cerner,498,https://craft.co/cerner,https://uploads4.craft.co/uploads/company/logo/205xx/20534/normal_388d5c3f11cd9f70.jpeg
298,Post Holdings,499,https://craft.co/post-holdings,https://uploads1.craft.co/uploads/company/logo/1738xx/173823/normal_173224ac259b282d.png
299,Huntington Bancshares,500,https://craft.co/huntington-bancshares,https://uploads5.craft.co/uploads/company/logo/125xx/12597/normal_89b04120527dae76.png
